mutation_id	UP	length	UPKB	step_UP	step_UP_comut	step_UPKB	step_comut_UPKB	n_comut_1	n_comut_2	n_comut_3	n_comut_4	n_comut_5	percent_comut_1	percent_comut_2	percent_comut_3	percent_comut_4	percent_comut_5	cohort	cum_length	n_cohort
FLT3_exon_14	171	132	1295.4545	171	0	1.2955	0	171	0	0	0	0	0.212	0	0	0	0	merged	132	2
DNMT3A_exon_22	129	118	1093.2203	88	41	0.7458	0.3475	259	41	0	0	0	0.321	0.051	0	0	0	merged	250	2
NRAS_exon_2	65	127	511.811	55	10	0.4331	0.0787	314	51	0	0	0	0.39	0.063	0	0	0	merged	377	2
IDH2_exon_4	94	160	587.5	61	33	0.3812	0.2062	375	82	2	0	0	0.465	0.102	0.002	0	0	merged	537	2
NPM1_exon_11	187	373	501.3405	48	138	0.1287	0.37	423	179	43	1	0	0.525	0.222	0.053	0.001	0	merged	910	2
FLT3_exon_20	62	122	508.1967	19	38	0.1557	0.3115	442	197	63	6	0	0.548	0.244	0.078	0.007	0	merged	1032	2
RAPGEF2_exon_7	7	17	411.7647	1	6	0.0588	0.3529	443	201	65	6	0	0.55	0.249	0.081	0.007	0	merged	1049	1
U2AF1_exon_2	23	87	264.3678	18	5	0.2069	0.0575	461	206	65	6	0	0.572	0.256	0.081	0.007	0	merged	1136	2
WT1_exon_7	46	150	306.6667	14	29	0.0933	0.1933	475	226	74	9	0	0.589	0.28	0.092	0.011	0	merged	1286	2
JAK2_exon_14	24	87	275.8621	16	8	0.1839	0.092	491	233	75	9	0	0.609	0.289	0.093	0.011	0	merged	1373	2
IDH1_exon_4	73	291	250.8591	21	44	0.0722	0.1512	512	264	88	16	1	0.635	0.328	0.109	0.02	0.001	merged	1664	2
KRAS_exon_2	25	121	206.6116	14	11	0.1157	0.0909	526	273	90	16	1	0.653	0.339	0.112	0.02	0.001	merged	1785	2
RUNX1_exon_6	20	104	192.3077	7	12	0.0673	0.1154	533	282	93	17	1	0.661	0.35	0.115	0.021	0.001	merged	1889	2
MARK3_exon_16	3	26	115.3846	0	3	0	0.1154	533	284	94	17	1	0.661	0.352	0.117	0.021	0.001	merged	1915	1
WT1_exon_9	12	92	130.4348	1	10	0.0109	0.1087	534	289	99	18	1	0.663	0.359	0.123	0.022	0.001	merged	2007	2
RUNX1_exon_5	27	156	173.0769	9	16	0.0577	0.1026	543	299	105	20	1	0.674	0.371	0.13	0.025	0.001	merged	2163	2
TP53_exon_6	14	112	125	11	3	0.0982	0.0268	554	301	106	20	1	0.687	0.373	0.132	0.025	0.001	merged	2275	2
SRSF2_exon_1	75	532	140.9774	15	51	0.0282	0.0959	569	334	124	29	1	0.706	0.414	0.154	0.036	0.001	merged	2807	2
TP53_exon_8	23	136	169.1176	10	13	0.0735	0.0956	579	344	127	29	1	0.718	0.427	0.158	0.036	0.001	merged	2943	2
GABRG3_exon_9	6	59	101.6949	0	5	0	0.0847	579	346	130	29	2	0.718	0.429	0.161	0.036	0.002	merged	3002	1
TP53_exon_7	15	109	137.6147	9	6	0.0826	0.055	588	351	131	29	2	0.73	0.435	0.163	0.036	0.002	merged	3111	2
U2AF1_exon_6	15	133	112.782	1	11	0.0075	0.0827	589	359	134	32	2	0.731	0.445	0.166	0.04	0.002	merged	3244	2
AHDC1_exon_7	3	37	81.0811	0	3	0	0.0811	589	360	136	32	2	0.731	0.447	0.169	0.04	0.002	merged	3281	1
NRAS_exon_3	29	178	162.9213	14	13	0.0787	0.073	603	367	142	34	2	0.748	0.455	0.176	0.042	0.002	merged	3459	2
PTPN11_exon_3	24	194	123.7113	6	14	0.0309	0.0722	609	376	147	38	2	0.756	0.467	0.182	0.047	0.002	merged	3653	2
GATA2_exon_4	19	145	131.0345	10	9	0.069	0.0621	619	384	148	38	2	0.768	0.476	0.184	0.047	0.002	merged	3798	2
RUNX1_exon_8	15	161	93.1677	2	11	0.0124	0.0683	621	393	150	40	2	0.77	0.488	0.186	0.05	0.002	merged	3959	2
DNMT3A_exon_18	6	90	66.6667	0	6	0	0.0667	621	393	156	40	2	0.77	0.488	0.194	0.05	0.002	merged	4049	2
KIT_exon_17	14	122	114.7541	8	5	0.0656	0.041	629	397	157	40	3	0.78	0.493	0.195	0.05	0.004	merged	4171	2
GATA2_exon_5	11	125	88	0	8	0	0.064	629	401	161	43	3	0.78	0.498	0.2	0.053	0.004	merged	4296	2
ZNF711_exon_9	5	47	106.383	1	3	0.0213	0.0638	630	403	162	44	3	0.782	0.5	0.201	0.055	0.004	merged	4343	1
SLC15A1_exon_13	2	32	62.5	0	2	0	0.0625	630	405	162	44	3	0.782	0.502	0.201	0.055	0.004	merged	4375	1
SF3B1_exon_14	22	270	81.4815	4	16	0.0148	0.0593	634	410	173	45	4	0.787	0.509	0.215	0.056	0.005	merged	4645	1
KRT79_exon_8	3	34	88.2353	0	2	0	0.0588	634	410	175	45	5	0.787	0.509	0.217	0.056	0.006	merged	4679	2
TET2_exon_9	11	137	80.292	2	8	0.0146	0.0584	636	413	180	46	5	0.789	0.512	0.223	0.057	0.006	merged	4816	2
FLT3_exon_13	8	106	75.4717	2	6	0.0189	0.0566	638	415	184	46	5	0.792	0.515	0.228	0.057	0.006	merged	4922	2
SF3B1_exon_15	11	145	75.8621	3	8	0.0207	0.0552	641	421	186	46	5	0.795	0.522	0.231	0.057	0.006	merged	5067	2
DNMT3A_exon_15	13	183	71.0383	1	10	0.0055	0.0546	642	425	192	48	5	0.797	0.527	0.238	0.06	0.006	merged	5250	2
PRKAG3_exon_11	2	37	54.0541	0	2	0	0.0541	642	425	194	48	5	0.797	0.527	0.241	0.06	0.006	merged	5287	1
SMC3_exon_3	2	38	52.6316	0	2	0	0.0526	642	426	195	48	5	0.797	0.529	0.242	0.06	0.006	merged	5325	1
BCOR_exon_3	4	78	51.2821	0	4	0	0.0513	642	428	197	48	5	0.797	0.531	0.244	0.06	0.006	merged	5403	2
IFT74_exon_7	5	59	84.7458	0	3	0	0.0508	642	429	199	49	6	0.797	0.532	0.247	0.061	0.007	merged	5462	1
TP53_exon_5	18	183	98.3607	6	9	0.0328	0.0492	648	437	200	50	8	0.804	0.542	0.248	0.062	0.01	merged	5645	2
TP53_exon_3	2	21	95.2381	1	1	0.0476	0.0476	649	437	201	50	8	0.805	0.542	0.249	0.062	0.01	merged	5666	2
BPIFC_exon_12	2	42	47.619	0	2	0	0.0476	649	437	203	50	8	0.805	0.542	0.252	0.062	0.01	merged	5708	1
PTPN11_exon_13	9	151	59.6026	1	7	0.0066	0.0464	650	441	206	51	8	0.806	0.547	0.256	0.063	0.01	merged	5859	2
CBL_exon_8	9	131	68.7023	2	6	0.0153	0.0458	652	445	208	52	8	0.809	0.552	0.258	0.065	0.01	merged	5990	2
DENND1C_exon_21	3	67	44.7761	3	0	0.0448	0	655	445	208	52	8	0.813	0.552	0.258	0.065	0.01	merged	6057	1
DNMT3A_exon_21	4	69	57.971	0	4	0	0.058	655	447	210	52	8	0.813	0.555	0.261	0.065	0.01	merged	6126	2
ZNF195_exon_5	3	68	44.1176	0	3	0	0.0441	655	447	213	52	8	0.813	0.555	0.264	0.065	0.01	merged	6194	1
MYL5_exon_7	2	48	41.6667	0	2	0	0.0417	655	449	213	52	8	0.813	0.557	0.264	0.065	0.01	merged	6242	1
NUP155_exon_8	3	73	41.0959	0	3	0	0.0411	655	449	216	52	8	0.813	0.557	0.268	0.065	0.01	merged	6315	1
DNMT3A_exon_19	10	148	67.5676	2	6	0.0135	0.0405	657	449	222	54	8	0.815	0.557	0.275	0.067	0.01	merged	6463	2
IFNL3_exon_2	3	77	38.961	0	3	0	0.039	657	450	224	54	8	0.815	0.558	0.278	0.067	0.01	merged	6540	1
TRDN_exon_34	3	26	115.3846	1	0	0.0385	0	658	450	224	54	10	0.816	0.558	0.278	0.067	0.012	merged	6566	1
ERG_exon_5	3	80	37.5	0	3	0	0.0375	658	452	225	54	10	0.816	0.561	0.279	0.067	0.012	merged	6646	1
WDFY3_exon_52	2	54	37.037	0	2	0	0.037	658	452	227	54	10	0.816	0.561	0.282	0.067	0.012	merged	6700	1
RUNX1_exon_7	12	191	62.8272	2	7	0.0105	0.0366	660	455	231	56	10	0.819	0.565	0.287	0.069	0.012	merged	6891	1
FLT3_exon_16	9	110	81.8182	1	4	0.0091	0.0364	661	456	234	56	14	0.82	0.566	0.29	0.069	0.017	merged	7001	2
EZH2_exon_19	4	84	47.619	0	3	0	0.0357	661	458	235	56	15	0.82	0.568	0.292	0.069	0.019	merged	7085	2
GCSAML_exon_4	2	28	71.4286	0	1	0	0.0357	661	458	236	57	15	0.82	0.568	0.293	0.071	0.019	merged	7113	1
HNRNPK_exon_5	3	56	53.5714	0	2	0	0.0357	661	459	237	57	16	0.82	0.569	0.294	0.071	0.02	merged	7169	2
KIT_exon_8	5	114	43.8596	4	1	0.0351	0.0088	665	460	237	57	16	0.825	0.571	0.294	0.071	0.02	merged	7283	2
FAM170A_exon_4	2	58	34.4828	0	2	0	0.0345	665	462	237	57	16	0.825	0.573	0.294	0.071	0.02	merged	7341	2
MAP4K3_exon_14	2	58	34.4828	0	2	0	0.0345	665	463	238	57	16	0.825	0.574	0.295	0.071	0.02	merged	7399	1
ZNF490_exon_4	2	60	33.3333	0	2	0	0.0333	665	463	240	57	16	0.825	0.574	0.298	0.071	0.02	merged	7459	2
ORC2_exon_16	2	61	32.7869	2	0	0.0328	0	667	463	240	57	16	0.828	0.574	0.298	0.071	0.02	merged	7520	1
PUF60_exon_7	5	92	54.3478	3	2	0.0326	0.0217	670	464	241	57	16	0.831	0.576	0.299	0.071	0.02	merged	7612	1
TET2_exon_4	3	90	33.3333	0	3	0	0.0333	670	466	242	57	16	0.831	0.578	0.3	0.071	0.02	merged	7702	1
ITSN1_exon_4	3	63	47.619	1	2	0.0159	0.0317	671	466	244	57	16	0.833	0.578	0.303	0.071	0.02	merged	7765	1
DNMT3A_exon_8	11	158	69.6203	3	5	0.019	0.0316	674	468	247	60	16	0.836	0.581	0.306	0.074	0.02	merged	7923	2
MYH13_exon_39	4	95	42.1053	3	1	0.0316	0.0105	677	468	248	60	16	0.84	0.581	0.308	0.074	0.02	merged	8018	2
ZYG11B_exon_6	3	64	46.875	0	2	0	0.0312	677	469	249	60	16	0.84	0.582	0.309	0.074	0.02	merged	8082	1
PHF6_exon_9	8	133	60.1504	0	4	0	0.0301	677	471	251	61	17	0.84	0.584	0.311	0.076	0.021	merged	8215	2
RAPGEF6_exon_5	3	69	43.4783	0	2	0	0.029	677	471	253	62	17	0.84	0.584	0.314	0.077	0.021	merged	8284	1
PHF6_exon_8	5	104	48.0769	1	3	0.0096	0.0288	678	471	256	62	18	0.841	0.584	0.318	0.077	0.022	merged	8388	1
TET2_exon_6	8	208	38.4615	1	6	0.0048	0.0288	679	473	260	62	19	0.842	0.587	0.323	0.077	0.024	merged	8596	2
CSF3R_exon_14	7	140	50	3	4	0.0214	0.0286	682	475	262	62	19	0.846	0.589	0.325	0.077	0.024	merged	8736	2
CCNT1_exon_8	3	70	42.8571	1	2	0.0143	0.0286	683	476	263	62	19	0.847	0.591	0.326	0.077	0.024	merged	8806	1
PHF6_exon_5	2	43	46.5116	0	2	0	0.0465	683	477	264	62	19	0.847	0.592	0.328	0.077	0.024	merged	8849	2
MTFR2_exon_4	5	112	44.6429	0	4	0	0.0357	683	479	266	62	19	0.847	0.594	0.33	0.077	0.024	merged	8961	1
DDX41_exon_15	3	71	42.2535	2	1	0.0282	0.0141	685	480	266	62	19	0.85	0.596	0.33	0.077	0.024	merged	9032	2
BAIAP3_exon_29	2	71	28.169	0	2	0	0.0282	685	480	268	62	19	0.85	0.596	0.333	0.077	0.024	merged	9103	1
SLC5A1_exon_2	2	71	28.169	0	2	0	0.0282	685	482	268	62	19	0.85	0.598	0.333	0.077	0.024	merged	9174	1
PIK3C3_exon_7	2	71	28.169	0	2	0	0.0282	685	484	268	62	19	0.85	0.6	0.333	0.077	0.024	merged	9245	1
SLIT2_exon_25	5	71	70.4225	1	2	0.0141	0.0282	686	484	270	62	20	0.851	0.6	0.335	0.077	0.025	merged	9316	1
TP53_exon_10	5	106	47.1698	1	3	0.0094	0.0283	687	486	271	63	20	0.852	0.603	0.336	0.078	0.025	merged	9422	2
CHL1_exon_27	4	72	55.5556	2	0	0.0278	0	689	486	271	63	21	0.855	0.603	0.336	0.078	0.026	merged	9494	1
RAI14_exon_12	3	86	34.8837	0	3	0	0.0349	689	489	271	63	21	0.855	0.607	0.336	0.078	0.026	merged	9580	1
GDI2_exon_3	6	99	60.6061	0	3	0	0.0303	689	491	272	64	21	0.855	0.609	0.337	0.079	0.026	merged	9679	1
SNCAIP_exon_3	2	72	27.7778	0	2	0	0.0278	689	492	273	64	21	0.855	0.61	0.339	0.079	0.026	merged	9751	2
TRIM24_exon_17	2	74	27.027	2	0	0.027	0	691	492	273	64	21	0.857	0.61	0.339	0.079	0.026	merged	9825	2
GIGYF2_exon_6	4	111	36.036	0	3	0	0.027	691	493	275	65	21	0.857	0.612	0.341	0.081	0.026	merged	9936	1
TET2_exon_7	7	150	46.6667	2	4	0.0133	0.0267	693	494	278	66	21	0.86	0.613	0.345	0.082	0.026	merged	10086	2
MTA2_exon_9	7	188	37.234	0	5	0	0.0266	693	495	282	68	21	0.86	0.614	0.35	0.084	0.026	merged	10274	2
PORCN_exon_11	2	76	26.3158	0	2	0	0.0263	693	496	283	68	21	0.86	0.615	0.351	0.084	0.026	merged	10350	1
RIT1_exon_5	5	191	26.178	0	5	0	0.0262	693	496	288	68	21	0.86	0.615	0.357	0.084	0.026	merged	10541	2
OR3A2_exon_4	2	77	25.974	2	0	0.026	0	695	496	288	68	21	0.862	0.615	0.357	0.084	0.026	merged	10618	1
SUZ12_exon_15	3	79	37.9747	1	2	0.0127	0.0253	696	498	288	68	21	0.864	0.618	0.357	0.084	0.026	merged	10697	1
KRAS_exon_4	5	159	31.4465	1	4	0.0063	0.0252	697	501	289	68	21	0.865	0.622	0.359	0.084	0.026	merged	10856	2
ADAM18_exon_17	2	80	25	0	2	0	0.025	697	502	290	68	21	0.865	0.623	0.36	0.084	0.026	merged	10936	1
MED12_exon_44	3	81	37.037	0	2	0	0.0247	697	502	292	69	21	0.865	0.623	0.362	0.086	0.026	merged	11017	1
ZRSR2_exon_3	2	81	24.6914	0	2	0	0.0247	697	503	293	69	21	0.865	0.624	0.364	0.086	0.026	merged	11098	1
RAD21_exon_8	4	122	32.7869	0	3	0	0.0246	697	505	294	70	21	0.865	0.627	0.365	0.087	0.026	merged	11220	2
ARHGAP40_exon_10	2	82	24.3902	0	2	0	0.0244	697	507	294	70	21	0.865	0.629	0.365	0.087	0.026	merged	11302	1
DDX60L_exon_27	6	165	36.3636	0	4	0	0.0242	697	508	297	70	22	0.865	0.63	0.368	0.087	0.027	merged	11467	1
RAD21_exon_13	3	83	36.1446	1	2	0.012	0.0241	698	508	299	70	22	0.866	0.63	0.371	0.087	0.027	merged	11550	1
TLN2_exon_39	5	170	29.4118	1	4	0.0059	0.0235	699	509	302	70	22	0.867	0.632	0.375	0.087	0.027	merged	11720	1
SASH1_exon_6	2	86	23.2558	0	2	0	0.0233	699	511	302	70	22	0.867	0.634	0.375	0.087	0.027	merged	11806	1
DNMT3A_exon_12	2	44	45.4545	0	1	0	0.0227	699	511	303	71	22	0.867	0.634	0.376	0.088	0.027	merged	11850	2
CNOT3_exon_9	5	133	37.594	1	3	0.0075	0.0226	700	511	306	72	22	0.868	0.634	0.38	0.089	0.027	merged	11983	1
TET2_exon_8	4	89	44.9438	1	2	0.0112	0.0225	701	511	308	72	23	0.87	0.634	0.382	0.089	0.029	merged	12072	2
EZH2_exon_17	2	81	24.6914	0	2	0	0.0247	701	513	308	72	23	0.87	0.636	0.382	0.089	0.029	merged	12153	1
WT1_exon_8	4	89	44.9438	0	2	0	0.0225	701	515	308	73	23	0.87	0.639	0.382	0.091	0.029	merged	12242	1
TRAV9-2_exon-id-TRAV9-2	2	45	44.4444	0	1	0	0.0222	701	516	308	74	23	0.87	0.64	0.382	0.092	0.029	merged	12287	1
BPIFC_exon_7	10	91	109.8901	2	1	0.022	0.011	703	517	308	77	25	0.872	0.641	0.382	0.096	0.031	merged	12378	1
CWH43_exon_9	3	79	37.9747	0	2	0	0.0253	703	518	309	77	25	0.872	0.643	0.383	0.096	0.031	merged	12457	1
KIF20B_exon_21	6	138	43.4783	2	3	0.0145	0.0217	705	518	312	78	25	0.875	0.643	0.387	0.097	0.031	merged	12595	1
ADGB_exon_10	2	94	21.2766	0	2	0	0.0213	705	518	314	78	25	0.875	0.643	0.39	0.097	0.031	merged	12689	1
DIAPH2_exon_26	2	95	21.0526	0	2	0	0.0211	705	520	314	78	25	0.875	0.645	0.39	0.097	0.031	merged	12784	2
IPO11_exon_25	3	95	31.5789	0	2	0	0.0211	705	520	316	78	26	0.875	0.645	0.392	0.097	0.032	merged	12879	1
MPL_exon_10	3	96	31.25	0	2	0	0.0208	705	521	317	78	26	0.875	0.646	0.393	0.097	0.032	merged	12975	1
NCKAP1_exon_16	3	145	20.6897	0	3	0	0.0207	705	524	317	78	26	0.875	0.65	0.393	0.097	0.032	merged	13120	1
STAG2_exon_12	3	98	30.6122	0	2	0	0.0204	705	525	318	78	27	0.875	0.651	0.395	0.097	0.033	merged	13218	1
ETV6_exon_7	3	100	30	0	2	0	0.02	705	525	320	78	27	0.875	0.651	0.397	0.097	0.033	merged	13318	2
RUNX1_exon_4	10	253	39.5257	1	5	0.004	0.0198	706	526	324	81	28	0.876	0.653	0.402	0.1	0.035	merged	13571	2
NDRG2_exon_15	2	51	39.2157	0	1	0	0.0196	706	527	324	82	28	0.876	0.654	0.402	0.102	0.035	merged	13622	2
SENP1_exon_7	2	103	19.4175	0	2	0	0.0194	706	529	324	82	28	0.876	0.656	0.402	0.102	0.035	merged	13725	1
FLT3_exon_11	5	108	46.2963	2	1	0.0185	0.0093	708	529	325	84	28	0.878	0.656	0.403	0.104	0.035	merged	13833	1
TCHH_exon_2	7	168	41.6667	0	4	0	0.0238	708	531	327	87	28	0.878	0.659	0.406	0.108	0.035	merged	14001	1
CPNE3_exon_13	2	54	37.037	1	0	0.0185	0	709	531	327	88	28	0.88	0.659	0.406	0.109	0.035	merged	14055	1
MYOM3_exon_36	2	55	36.3636	0	1	0	0.0182	709	532	327	88	28	0.88	0.66	0.406	0.109	0.035	merged	14110	2
NCAPH_exon_13	4	110	36.3636	0	2	0	0.0182	709	532	329	89	28	0.88	0.66	0.408	0.11	0.035	merged	14220	1
IKZF1_exon_5	4	167	23.9521	0	3	0	0.018	709	532	332	90	28	0.88	0.66	0.412	0.112	0.035	merged	14387	1
SENP6_exon_11	7	167	41.9162	0	3	0	0.018	709	533	334	92	28	0.88	0.661	0.414	0.114	0.035	merged	14554	1
CCL20_exon_2	2	114	17.5439	0	2	0	0.0175	709	534	335	92	28	0.88	0.663	0.416	0.114	0.035	merged	14668	2
SLC9B1P1_id-SLC9B1P1-6	3	175	17.1429	0	3	0	0.0171	709	535	337	92	28	0.88	0.664	0.418	0.114	0.035	merged	14843	1
OTOGL_exon_35	2	117	17.094	0	2	0	0.0171	709	535	339	92	28	0.88	0.664	0.421	0.114	0.035	merged	14960	1
ATXN3_exon_10	3	118	25.4237	1	2	0.0085	0.0169	710	536	340	92	28	0.881	0.665	0.422	0.114	0.035	merged	15078	1
TPTE2_exon_8	5	119	42.0168	2	1	0.0168	0.0084	712	537	340	94	28	0.883	0.666	0.422	0.117	0.035	merged	15197	1
BRCC3_exon_4	3	119	25.2101	0	2	0	0.0168	712	539	340	94	28	0.883	0.669	0.422	0.117	0.035	merged	15316	2
MAX_exon_4	3	123	24.3902	2	1	0.0163	0.0081	714	540	340	94	28	0.886	0.67	0.422	0.117	0.035	merged	15439	2
ZNF213_exon_3	3	123	24.3902	0	2	0	0.0163	714	540	342	95	28	0.886	0.67	0.424	0.118	0.035	merged	15562	2
STAG2_exon_11	2	123	16.2602	0	2	0	0.0163	714	541	343	95	28	0.886	0.671	0.426	0.118	0.035	merged	15685	1
SI_exon_34	2	62	32.2581	1	1	0.0161	0.0161	715	541	344	95	28	0.887	0.671	0.427	0.118	0.035	merged	15747	2
EPHB1_exon_6	2	124	16.129	0	2	0	0.0161	715	542	345	95	28	0.887	0.672	0.428	0.118	0.035	merged	15871	2
CYBB_exon_1	2	63	31.746	1	0	0.0159	0	716	542	345	96	28	0.888	0.672	0.428	0.119	0.035	merged	15934	1
OTUD7B_exon_11	2	84	23.8095	0	2	0	0.0238	716	543	346	96	28	0.888	0.674	0.429	0.119	0.035	merged	16018	2
USF3_exon_6	2	96	20.8333	0	2	0	0.0208	716	543	348	96	28	0.888	0.674	0.432	0.119	0.035	merged	16114	2
CHRFAM7A_exon_3	2	63	31.746	0	1	0	0.0159	716	544	348	96	29	0.888	0.675	0.432	0.119	0.036	merged	16177	1
PLP1_exon_6	2	65	30.7692	0	1	0	0.0154	716	544	349	96	30	0.888	0.675	0.433	0.119	0.037	merged	16242	1
MYO1A_exon_25	2	132	15.1515	0	2	0	0.0152	716	544	351	96	30	0.888	0.675	0.435	0.119	0.037	merged	16374	1
ADPRHL1_exon_6	2	132	15.1515	0	2	0	0.0152	716	545	352	96	30	0.888	0.676	0.437	0.119	0.037	merged	16506	1
PI4K2B_exon_6	2	67	29.8507	1	0	0.0149	0	717	545	352	97	30	0.89	0.676	0.437	0.12	0.037	merged	16573	1
TTBK2_exon_2	2	135	14.8148	0	2	0	0.0148	717	546	353	97	30	0.89	0.677	0.438	0.12	0.037	merged	16708	1
STAG2_exon_20	4	203	19.7044	0	3	0	0.0148	717	546	356	98	30	0.89	0.677	0.442	0.122	0.037	merged	16911	2
PDS5B_exon_22	2	68	29.4118	1	1	0.0147	0.0147	718	546	357	98	30	0.891	0.677	0.443	0.122	0.037	merged	16979	1
CCND3_exon_4	7	136	51.4706	0	2	0	0.0147	718	547	358	102	31	0.891	0.679	0.444	0.127	0.038	merged	17115	1
NFXL1_exon_17	2	140	14.2857	0	2	0	0.0143	718	547	360	102	31	0.891	0.679	0.447	0.127	0.038	merged	17255	1
SCML2_exon_4	2	70	28.5714	0	1	0	0.0143	718	547	361	102	31	0.891	0.679	0.448	0.127	0.038	merged	17325	2
WIF1_exon_4	3	140	21.4286	0	2	0	0.0143	718	547	363	102	31	0.891	0.679	0.45	0.127	0.038	merged	17465	1
PDK3_exon_3	2	71	28.169	0	1	0	0.0141	718	548	363	102	31	0.891	0.68	0.45	0.127	0.038	merged	17536	1
MPHOSPH9_exon_13	5	215	23.2558	0	3	0	0.014	718	550	364	104	31	0.891	0.682	0.452	0.129	0.038	merged	17751	2
WDR35_exon_12	2	144	13.8889	0	2	0	0.0139	718	552	364	104	31	0.891	0.685	0.452	0.129	0.038	merged	17895	2
ZNF229_exon_5	4	144	27.7778	0	2	0	0.0139	718	553	365	106	31	0.891	0.686	0.453	0.132	0.038	merged	18039	2
TP53_exon_9	3	73	41.0959	1	1	0.0137	0.0137	719	553	366	107	31	0.892	0.686	0.454	0.133	0.038	merged	18112	2
TRAPPC8_exon_21	3	147	20.4082	2	1	0.0136	0.0068	721	554	366	107	31	0.895	0.687	0.454	0.133	0.038	merged	18259	1
POSTN_exon_10	2	148	13.5135	0	2	0	0.0135	721	556	366	107	31	0.895	0.69	0.454	0.133	0.038	merged	18407	2
PRKAR2B_exon_8	3	74	40.5405	0	1	0	0.0135	721	557	366	107	32	0.895	0.691	0.454	0.133	0.04	merged	18481	1
NPM1_exon_10	2	74	27.027	0	1	0	0.0135	721	557	367	108	32	0.895	0.691	0.455	0.134	0.04	merged	18555	1
CHST6_exon_2	2	74	27.027	0	1	0	0.0135	721	557	368	108	33	0.895	0.691	0.457	0.134	0.041	merged	18629	1
DNMT3A_exon_11	4	149	26.8456	0	2	0	0.0134	721	557	370	109	33	0.895	0.691	0.459	0.135	0.041	merged	18778	2
IL12RB1_exon_15	2	75	26.6667	0	1	0	0.0133	721	557	371	109	34	0.895	0.691	0.46	0.135	0.042	merged	18853	1
RPGR_exon_15	3	151	19.8675	0	2	0	0.0132	721	558	372	109	35	0.895	0.692	0.462	0.135	0.043	merged	19004	2
STAG2_exon_34	2	77	25.974	1	1	0.013	0.013	722	558	373	109	35	0.896	0.692	0.463	0.135	0.043	merged	19081	1
DYSF_exon_55	3	147	20.4082	0	2	0	0.0136	722	560	373	110	35	0.896	0.695	0.463	0.136	0.043	merged	19228	2
WT1_exon_4	2	77	25.974	0	1	0	0.013	722	560	374	110	36	0.896	0.695	0.464	0.136	0.045	merged	19305	1
KAT8_exon_10	2	154	12.987	0	2	0	0.013	722	562	374	110	36	0.896	0.697	0.464	0.136	0.045	merged	19459	1
PTPN11_exon_8	2	79	25.3165	0	1	0	0.0127	722	562	375	111	36	0.896	0.697	0.465	0.138	0.045	merged	19538	1
NRF1_exon_6	2	158	12.6582	0	2	0	0.0127	722	563	376	111	36	0.896	0.699	0.467	0.138	0.045	merged	19696	2
STAG2_exon_23	4	80	50	1	1	0.0125	0.0125	723	564	376	112	37	0.897	0.7	0.467	0.139	0.046	merged	19776	2
MON2_exon_13	2	81	24.6914	0	1	0	0.0123	723	564	377	112	38	0.897	0.7	0.468	0.139	0.047	merged	19857	1
NFU1_exon_8	4	164	24.3902	0	2	0	0.0122	723	564	379	113	38	0.897	0.7	0.47	0.14	0.047	merged	20021	1
BCOR_exon_11	4	166	24.0964	0	2	0	0.012	723	566	379	114	39	0.897	0.702	0.47	0.141	0.048	merged	20187	1
RLIM_exon_3	2	83	24.0964	0	1	0	0.012	723	566	380	115	39	0.897	0.702	0.471	0.143	0.048	merged	20270	1
TRIM3_exon_9	2	168	11.9048	0	2	0	0.0119	723	567	381	115	39	0.897	0.703	0.473	0.143	0.048	merged	20438	1
DNMT3A_exon_20	5	85	58.8235	0	1	0	0.0118	723	567	382	116	42	0.897	0.703	0.474	0.144	0.052	merged	20523	2
FABP2_exon_2	3	172	17.4419	0	2	0	0.0116	723	567	384	117	42	0.897	0.703	0.476	0.145	0.052	merged	20695	1
CHD4_exon_19	3	173	17.341	0	2	0	0.0116	723	567	386	117	43	0.897	0.703	0.479	0.145	0.053	merged	20868	2
STAG2_exon_25	4	174	22.9885	2	1	0.0115	0.0057	725	568	386	118	43	0.9	0.705	0.479	0.146	0.053	merged	21042	2
TRIO_exon_47	5	177	28.2486	1	2	0.0056	0.0113	726	568	388	120	43	0.901	0.705	0.481	0.149	0.053	merged	21219	1
DNMT3A_exon_7	5	215	23.2558	0	3	0	0.014	726	570	389	122	43	0.901	0.707	0.483	0.151	0.053	merged	21434	1
EZH2_exon_8	3	178	16.8539	0	2	0	0.0112	726	571	390	122	44	0.901	0.708	0.484	0.151	0.055	merged	21612	1
CARNS1_exon_4	2	89	22.4719	0	1	0	0.0112	726	572	390	123	44	0.901	0.71	0.484	0.153	0.055	merged	21701	1
KRAS_exon_3	5	178	28.0899	0	2	0	0.0112	726	573	391	125	44	0.901	0.711	0.485	0.155	0.055	merged	21879	2
PTPRC_exon_27	3	90	33.3333	0	1	0	0.0111	726	573	392	127	44	0.901	0.711	0.486	0.158	0.055	merged	21969	1
ST18_exon_12	2	90	22.2222	0	1	0	0.0111	726	573	393	127	45	0.901	0.711	0.488	0.158	0.056	merged	22059	1
PPP2R2B_exon_9	2	91	21.978	0	1	0	0.011	726	574	393	127	46	0.901	0.712	0.488	0.158	0.057	merged	22150	2
SLC4A2_exon_12	2	184	10.8696	0	2	0	0.0109	726	574	395	127	46	0.901	0.712	0.49	0.158	0.057	merged	22334	1
PPL_exon_21	2	92	21.7391	0	1	0	0.0109	726	574	396	127	46	0.901	0.712	0.491	0.158	0.057	merged	22426	1
TP53_exon_4	4	278	14.3885	0	3	0	0.0108	726	576	397	128	46	0.901	0.715	0.493	0.159	0.057	merged	22704	2
DUOX1_exon_20	2	93	21.5054	1	0	0.0108	0	727	576	397	128	47	0.902	0.715	0.493	0.159	0.058	merged	22797	2
PXK_exon_4	3	186	16.129	0	2	0	0.0108	727	577	398	129	47	0.902	0.716	0.494	0.16	0.058	merged	22983	1
CADPS_exon_13	2	187	10.6952	0	2	0	0.0107	727	577	400	129	47	0.902	0.716	0.496	0.16	0.058	merged	23170	2
EIF2S3_exon_8	4	94	42.5532	1	0	0.0106	0	728	577	400	130	47	0.903	0.716	0.496	0.161	0.058	merged	23264	1
ZNF630_exon_4	2	95	21.0526	0	1	0	0.0105	728	577	401	131	47	0.903	0.716	0.498	0.163	0.058	merged	23359	2
ANO3_exon_13	2	96	20.8333	1	0	0.0104	0	729	577	401	132	47	0.904	0.716	0.498	0.164	0.058	merged	23455	1
CREBBP_exon_30	4	281	14.2349	0	3	0	0.0107	729	580	401	132	48	0.904	0.72	0.498	0.164	0.06	merged	23736	1
MTSS1_exon_11	5	194	25.7732	0	2	0	0.0103	729	580	403	135	48	0.904	0.72	0.5	0.167	0.06	merged	23930	1
NLK_exon_7	3	101	29.703	1	1	0.0099	0.0099	730	580	404	136	48	0.906	0.72	0.501	0.169	0.06	merged	24031	1
MEGF11_exon_25	2	206	9.7087	2	0	0.0097	0	732	580	404	136	48	0.908	0.72	0.501	0.169	0.06	merged	24237	1
NF1_exon_29	2	103	19.4175	0	1	0	0.0097	732	581	404	137	48	0.908	0.721	0.501	0.17	0.06	merged	24340	2
SF3A1_exon_3	2	207	9.6618	0	2	0	0.0097	732	583	404	137	48	0.908	0.723	0.501	0.17	0.06	merged	24547	1
SMC1A_exon_9	2	207	9.6618	0	2	0	0.0097	732	584	405	137	48	0.908	0.725	0.502	0.17	0.06	merged	24754	1
RBM33_exon_12	4	311	12.8617	0	3	0	0.0096	732	586	406	138	48	0.908	0.727	0.504	0.171	0.06	merged	25065	1
DNMT3A_exon_3	2	104	19.2308	1	1	0.0096	0.0096	733	587	406	138	48	0.909	0.728	0.504	0.171	0.06	merged	25169	1
PARD3_exon_24	2	127	15.748	0	2	0	0.0157	733	588	407	138	48	0.909	0.73	0.505	0.171	0.06	merged	25296	1
SUDS3_exon_10	2	105	19.0476	0	1	0	0.0095	733	589	407	139	48	0.909	0.731	0.505	0.172	0.06	merged	25401	2
PLRG1_exon_2	2	106	18.8679	1	0	0.0094	0	734	589	407	139	49	0.911	0.731	0.505	0.172	0.061	merged	25507	1
NF1_exon_5	2	106	18.8679	1	0	0.0094	0	735	589	407	140	49	0.912	0.731	0.505	0.174	0.061	merged	25613	1
SMC1A_exon_15	3	106	28.3019	0	1	0	0.0094	735	589	408	140	49	0.912	0.731	0.506	0.174	0.061	merged	25719	1
ARID1A_exon_2	2	212	9.434	0	2	0	0.0094	735	591	408	140	49	0.912	0.733	0.506	0.174	0.061	merged	25931	1
PRDM7_exon_4	2	107	18.6916	0	1	0	0.0093	735	591	409	140	49	0.912	0.733	0.507	0.174	0.061	merged	26038	2
TBC1D10C_exon_3	2	107	18.6916	0	1	0	0.0093	735	591	410	141	49	0.912	0.733	0.509	0.175	0.061	merged	26145	1
DNMT3A_exon_9	2	107	18.6916	0	1	0	0.0093	735	591	411	142	49	0.912	0.733	0.51	0.176	0.061	merged	26252	1
PDS5B_exon_33	4	107	37.3832	0	1	0	0.0093	735	591	412	144	50	0.912	0.733	0.511	0.179	0.062	merged	26359	1
ZCRB1_exon_5	5	107	46.729	0	1	0	0.0093	735	592	412	145	51	0.912	0.734	0.511	0.18	0.063	merged	26466	1
WDR33_exon_21	2	215	9.3023	2	0	0.0093	0	737	592	412	145	51	0.914	0.734	0.511	0.18	0.063	merged	26681	1
KMT2C_exon_6	2	109	18.3486	1	0	0.0092	0	738	592	412	145	51	0.916	0.734	0.511	0.18	0.063	merged	26790	1
TDGF1_exon_5	2	109	18.3486	0	1	0	0.0092	738	593	412	145	51	0.916	0.736	0.511	0.18	0.063	merged	26899	2
ZNF687_exon_6	8	329	24.3161	1	3	0.003	0.0091	739	594	414	149	51	0.917	0.737	0.514	0.185	0.063	merged	27228	1
PUF60_exon_6	2	161	12.4224	0	2	0	0.0124	739	595	415	149	51	0.917	0.738	0.515	0.185	0.063	merged	27389	1
MON2_exon_21	2	110	18.1818	0	1	0	0.0091	739	595	416	150	51	0.917	0.738	0.516	0.186	0.063	merged	27499	1
CFP_exon_8	2	111	18.018	0	1	0	0.009	739	595	417	150	52	0.917	0.738	0.517	0.186	0.065	merged	27610	1
DNMT3A_exon_14	5	112	44.6429	1	0	0.0089	0	740	595	417	150	53	0.918	0.738	0.517	0.186	0.066	merged	27722	1
AQR_exon_34	2	113	17.6991	1	0	0.0088	0	741	595	417	151	53	0.919	0.738	0.517	0.187	0.066	merged	27835	1
CEP128_exon_23	2	113	17.6991	0	1	0	0.0088	741	596	417	151	53	0.919	0.739	0.517	0.187	0.066	merged	27948	1
TBRG4_exon_10	2	114	17.5439	0	1	0	0.0088	741	596	418	151	54	0.919	0.739	0.519	0.187	0.067	merged	28062	1
KIAA1328_exon_5	2	115	17.3913	0	1	0	0.0087	741	596	419	152	54	0.919	0.739	0.52	0.189	0.067	merged	28177	1
RASA1_exon_19	4	115	34.7826	0	1	0	0.0087	741	597	419	152	54	0.919	0.741	0.52	0.189	0.067	merged	28292	1
LILRB3_exon_8	3	116	25.8621	0	1	0	0.0086	741	597	420	153	55	0.919	0.741	0.521	0.19	0.068	merged	28408	2
EWSR1_exon_11	2	118	16.9492	1	0	0.0085	0	742	597	420	153	55	0.921	0.741	0.521	0.19	0.068	merged	28526	1
CADM2_exon_9	2	125	16	0	2	0	0.016	742	598	421	153	55	0.921	0.742	0.522	0.19	0.068	merged	28651	1
MED12_exon_18	2	118	16.9492	0	1	0	0.0085	742	598	422	153	55	0.921	0.742	0.524	0.19	0.068	merged	28769	2
ABTB1_exon_8	2	118	16.9492	0	1	0	0.0085	742	599	422	153	55	0.921	0.743	0.524	0.19	0.068	merged	28887	1
IKZF1_exon_3	2	119	16.8067	0	1	0	0.0084	742	600	422	154	55	0.921	0.744	0.524	0.191	0.068	merged	29006	1
MAP1B_exon_6	2	238	8.4034	0	2	0	0.0084	742	600	424	154	55	0.921	0.744	0.526	0.191	0.068	merged	29244	2
CTCF_exon_6	2	120	16.6667	0	1	0	0.0083	742	601	424	155	55	0.921	0.746	0.526	0.192	0.068	merged	29364	1
MESD_exon_1	3	240	12.5	0	2	0	0.0083	742	602	425	156	55	0.921	0.747	0.527	0.194	0.068	merged	29604	1
BPIFC_exon_2	2	120	16.6667	0	1	0	0.0083	742	602	426	156	55	0.921	0.747	0.529	0.194	0.068	merged	29724	1
CNPY3_exon_1	3	241	12.4481	0	2	0	0.0083	742	604	426	157	55	0.921	0.749	0.529	0.195	0.068	merged	29965	1
THADA_exon_15	2	123	16.2602	0	1	0	0.0081	742	605	426	157	55	0.921	0.751	0.529	0.195	0.068	merged	30088	1
LEFTY1_exon_2	2	246	8.1301	0	2	0	0.0081	742	605	428	157	55	0.921	0.751	0.531	0.195	0.068	merged	30334	1
PRRG4_exon_2	2	124	16.129	0	1	0	0.0081	742	605	429	158	55	0.921	0.751	0.532	0.196	0.068	merged	30458	1
DENND1A_exon_13	2	125	16	1	1	0.008	0.008	743	606	429	158	55	0.922	0.752	0.532	0.196	0.068	merged	30583	1
TET2_exon_10	7	354	19.774	1	3	0.0028	0.0085	744	608	430	159	55	0.923	0.754	0.533	0.197	0.068	merged	30937	2
BRINP3_exon_3	4	190	21.0526	0	2	0	0.0105	744	609	431	160	56	0.923	0.756	0.535	0.199	0.069	merged	31127	2
KRR1_exon_4	2	125	16	1	0	0.008	0	745	609	431	160	57	0.924	0.756	0.535	0.199	0.071	merged	31252	1
GRIN2B_exon_13	5	238	21.0084	0	2	0	0.0084	745	610	432	161	57	0.924	0.757	0.536	0.2	0.071	merged	31490	2
ZNF285_exon_3	2	126	15.873	0	1	0	0.0079	745	610	433	161	58	0.924	0.757	0.537	0.2	0.072	merged	31616	1
AP1M1_exon_6	2	126	15.873	0	1	0	0.0079	745	611	433	162	58	0.924	0.758	0.537	0.201	0.072	merged	31742	2
ZNF816_exon_3	2	126	15.873	0	1	0	0.0079	745	611	434	162	58	0.924	0.758	0.538	0.201	0.072	merged	31868	2
RALGPS2_exon_8	5	126	39.6825	0	1	0	0.0079	745	612	434	162	59	0.924	0.759	0.538	0.201	0.073	merged	31994	1
TGFBR2_exon_6	2	127	15.748	1	0	0.0079	0	746	612	434	162	59	0.926	0.759	0.538	0.201	0.073	merged	32121	2
SLC25A31_exon_2	2	127	15.748	0	1	0	0.0079	746	612	435	163	59	0.926	0.759	0.54	0.202	0.073	merged	32248	1
TRPM1_exon_21	2	128	15.625	0	1	0	0.0078	746	613	435	164	59	0.926	0.761	0.54	0.203	0.073	merged	32376	1
TRPM3_exon_20	2	128	15.625	0	1	0	0.0078	746	613	436	165	59	0.926	0.761	0.541	0.205	0.073	merged	32504	1
PNMA2_exon_2	3	129	23.2558	1	0	0.0078	0	747	613	436	165	59	0.927	0.761	0.541	0.205	0.073	merged	32633	1
NADK_exon_4	2	129	15.5039	0	1	0	0.0078	747	613	437	165	59	0.927	0.761	0.542	0.205	0.073	merged	32762	1
MXRA5_exon_3	2	129	15.5039	0	1	0	0.0078	747	614	437	165	59	0.927	0.762	0.542	0.205	0.073	merged	32891	2
PXDNL_exon_21	2	129	15.5039	0	1	0	0.0078	747	615	437	165	59	0.927	0.763	0.542	0.205	0.073	merged	33020	1
MGA_exon_18	2	130	15.3846	1	1	0.0077	0.0077	748	615	438	165	59	0.928	0.763	0.543	0.205	0.073	merged	33150	2
IKZF1_exon_4	2	260	7.6923	0	2	0	0.0077	748	616	439	165	59	0.928	0.764	0.545	0.205	0.073	merged	33410	2
PDS5B_exon_27	2	132	15.1515	0	1	0	0.0076	748	617	439	166	59	0.928	0.766	0.545	0.206	0.073	merged	33542	1
MGAT5B_exon_10	2	133	15.0376	0	1	0	0.0075	748	617	440	166	60	0.928	0.766	0.546	0.206	0.074	merged	33675	1
RBMX_exon_2	2	134	14.9254	0	1	0	0.0075	748	618	440	166	60	0.928	0.767	0.546	0.206	0.074	merged	33809	1
IZUMO1R_exon_4	3	135	22.2222	0	1	0	0.0074	748	619	440	166	62	0.928	0.768	0.546	0.206	0.077	merged	33944	1
KMT2D_exon_34	3	136	22.0588	0	1	0	0.0074	748	619	441	167	63	0.928	0.768	0.547	0.207	0.078	merged	34080	1
NAA35_exon_18	3	136	22.0588	0	1	0	0.0074	748	620	441	168	64	0.928	0.769	0.547	0.208	0.079	merged	34216	1
RNF213_exon_30	2	136	14.7059	0	1	0	0.0074	748	620	442	168	64	0.928	0.769	0.548	0.208	0.079	merged	34352	1
CEBPA_exon_1	46	2600	17.6923	5	19	0.0019	0.0073	753	625	456	183	70	0.934	0.775	0.566	0.227	0.087	merged	36952	2
SPTBN2_exon_16	2	137	14.5985	1	0	0.0073	0	754	625	456	184	70	0.935	0.775	0.566	0.228	0.087	merged	37089	2
ATP6AP2_exon_5	2	137	14.5985	0	1	0	0.0073	754	625	457	185	70	0.935	0.775	0.567	0.23	0.087	merged	37226	2
ADCY2_exon_16	2	137	14.5985	0	1	0	0.0073	754	625	458	186	70	0.935	0.775	0.568	0.231	0.087	merged	37363	1
NAV2_exon_12	2	138	14.4928	0	1	0	0.0072	754	625	459	186	70	0.935	0.775	0.569	0.231	0.087	merged	37501	2
ESRP1_exon_1	2	276	7.2464	0	2	0	0.0072	754	627	459	186	70	0.935	0.778	0.569	0.231	0.087	merged	37777	1
BMP2K_exon_11	4	277	14.4404	0	2	0	0.0072	754	627	461	188	70	0.935	0.778	0.572	0.233	0.087	merged	38054	1
NF1_exon_22	2	139	14.3885	0	1	0	0.0072	754	627	462	188	71	0.935	0.778	0.573	0.233	0.088	merged	38193	1
AAK1_exon_13	2	278	7.1942	0	2	0	0.0072	754	628	463	188	71	0.935	0.779	0.574	0.233	0.088	merged	38471	1
CRISPLD1_exon_7	2	140	14.2857	1	1	0.0071	0.0071	755	628	464	188	71	0.937	0.779	0.576	0.233	0.088	merged	38611	2
RPTOR_exon_17	2	140	14.2857	0	1	0	0.0071	755	628	465	188	71	0.937	0.779	0.577	0.233	0.088	merged	38751	1
ERICH6_exon_1	7	424	16.5094	1	3	0.0024	0.0071	756	629	467	191	71	0.938	0.78	0.579	0.237	0.088	merged	39175	1
ODF1_exon_2	6	566	10.6007	1	4	0.0018	0.0071	757	630	470	192	71	0.939	0.782	0.583	0.238	0.088	merged	39741	1
SYT15_exon_3	2	142	14.0845	0	1	0	0.007	757	630	471	192	71	0.939	0.782	0.584	0.238	0.088	merged	39883	1
OR1C1_exon_1	2	144	13.8889	0	1	0	0.0069	757	630	472	192	71	0.939	0.782	0.586	0.238	0.088	merged	40027	1
DNMT3A_exon_17	4	145	27.5862	0	1	0	0.0069	757	630	473	194	71	0.939	0.782	0.587	0.241	0.088	merged	40172	2
GCAT_exon_4	2	146	13.6986	1	0	0.0068	0	758	630	473	195	71	0.94	0.782	0.587	0.242	0.088	merged	40318	2
PPIL4_exon_12	2	147	13.6054	0	1	0	0.0068	758	630	474	195	71	0.94	0.782	0.588	0.242	0.088	merged	40465	2
KIF17_exon_7	2	147	13.6054	0	1	0	0.0068	758	631	474	196	71	0.94	0.783	0.588	0.243	0.088	merged	40612	1
ADAMTS16_exon_12	2	148	13.5135	0	1	0	0.0068	758	631	475	196	71	0.94	0.783	0.589	0.243	0.088	merged	40760	2
ADCY5_exon_2	2	149	13.4228	0	1	0	0.0067	758	631	476	196	71	0.94	0.783	0.591	0.243	0.088	merged	40909	1
AHNAK2_exon_5	2	150	13.3333	0	1	0	0.0067	758	632	476	196	71	0.94	0.784	0.591	0.243	0.088	merged	41059	1
ZSCAN5A_exon_5	2	150	13.3333	0	1	0	0.0067	758	632	477	197	71	0.94	0.784	0.592	0.244	0.088	merged	41209	1
SMC1A_exon_22	3	151	19.8675	1	0	0.0066	0	759	632	477	197	72	0.942	0.784	0.592	0.244	0.089	merged	41360	2
ACVR2B_exon_4	2	151	13.245	0	1	0	0.0066	759	632	478	197	73	0.942	0.784	0.593	0.244	0.091	merged	41511	2
SMC4_exon_16	2	152	13.1579	1	0	0.0066	0	760	632	478	198	73	0.943	0.784	0.593	0.246	0.091	merged	41663	1
YAF2_exon_3	2	152	13.1579	0	1	0	0.0066	760	632	479	198	73	0.943	0.784	0.594	0.246	0.091	merged	41815	1
SMG1_exon_1	5	458	10.917	0	3	0	0.0066	760	634	480	199	73	0.943	0.787	0.596	0.247	0.091	merged	42273	1
EYS_exon_33	2	153	13.0719	1	1	0.0065	0.0065	761	635	480	199	73	0.944	0.788	0.596	0.247	0.091	merged	42426	1
PTEN_exon_8	2	224	8.9286	0	2	0	0.0089	761	637	480	199	73	0.944	0.79	0.596	0.247	0.091	merged	42650	1
IFNAR1_exon_8	2	154	12.987	0	1	0	0.0065	761	637	481	199	73	0.944	0.79	0.597	0.247	0.091	merged	42804	2
CROCC_exon_3	3	154	19.4805	0	1	0	0.0065	761	638	481	200	73	0.944	0.792	0.597	0.248	0.091	merged	42958	2
GNA15_exon_3	2	154	12.987	0	1	0	0.0065	761	639	481	200	73	0.944	0.793	0.597	0.248	0.091	merged	43112	1
TAFA4_exon_4	2	155	12.9032	0	1	0	0.0065	761	640	481	200	73	0.944	0.794	0.597	0.248	0.091	merged	43267	2
ZDHHC13_exon_15	2	157	12.7389	0	1	0	0.0064	761	641	481	200	73	0.944	0.795	0.597	0.248	0.091	merged	43424	1
SLC15A4_exon_7	2	158	12.6582	0	1	0	0.0063	761	641	482	200	73	0.944	0.795	0.598	0.248	0.091	merged	43582	1
PRUNE2_exon_7	3	158	18.9873	0	1	0	0.0063	761	642	482	200	74	0.944	0.797	0.598	0.248	0.092	merged	43740	1
FLG_exon_2	3	158	18.9873	0	1	0	0.0063	761	643	482	200	74	0.944	0.798	0.598	0.248	0.092	merged	43898	1
RAD21_exon_10	2	159	12.5786	1	0	0.0063	0	762	643	482	201	74	0.945	0.798	0.598	0.249	0.092	merged	44057	1
GPC3_exon_1	2	319	6.2696	0	2	0	0.0063	762	643	484	201	74	0.945	0.798	0.6	0.249	0.092	merged	44376	1
IQSEC3_exon_5	2	161	12.4224	1	1	0.0062	0.0062	763	644	484	201	74	0.947	0.799	0.6	0.249	0.092	merged	44537	1
LRRCC1_exon_1	3	161	18.6335	0	1	0	0.0062	763	645	484	203	74	0.947	0.8	0.6	0.252	0.092	merged	44698	1
RALBP1_exon_5	2	161	12.4224	0	1	0	0.0062	763	645	485	203	75	0.947	0.8	0.602	0.252	0.093	merged	44859	1
NF1_exon_28	4	161	24.8447	0	1	0	0.0062	763	645	486	204	76	0.947	0.8	0.603	0.253	0.094	merged	45020	2
HUNK_exon_7	2	162	12.3457	0	1	0	0.0062	763	646	486	204	76	0.947	0.801	0.603	0.253	0.094	merged	45182	2
TRA2B_exon_3	2	162	12.3457	0	1	0	0.0062	763	646	487	204	77	0.947	0.801	0.604	0.253	0.096	merged	45344	1
DYSF_exon_26	2	166	12.0482	0	1	0	0.006	763	647	487	204	77	0.947	0.803	0.604	0.253	0.096	merged	45510	1
SLC25A41_exon_5	2	167	11.976	1	1	0.006	0.006	764	647	488	204	77	0.948	0.803	0.605	0.253	0.096	merged	45677	1
KANSL1L_exon_14	3	168	17.8571	0	1	0	0.006	764	647	489	205	77	0.948	0.803	0.607	0.254	0.096	merged	45845	2
KDM6A_exon_29	2	170	11.7647	0	1	0	0.0059	764	648	489	206	77	0.948	0.804	0.607	0.256	0.096	merged	46015	2
MRS2_exon_5	3	173	17.341	0	1	0	0.0058	764	649	489	207	78	0.948	0.805	0.607	0.257	0.097	merged	46188	1
HMGB1_exon_4	3	174	17.2414	0	1	0	0.0057	764	649	490	207	79	0.948	0.805	0.608	0.257	0.098	merged	46362	2
FBN1_exon_65	3	174	17.2414	0	1	0	0.0057	764	649	491	208	79	0.948	0.805	0.609	0.258	0.098	merged	46536	1
UBE3B_exon_12	2	177	11.2994	0	1	0	0.0056	764	649	492	208	79	0.948	0.805	0.61	0.258	0.098	merged	46713	2
KMT2A_exon_4	2	177	11.2994	0	1	0	0.0056	764	649	493	209	79	0.948	0.805	0.612	0.259	0.098	merged	46890	1
EZH2_exon_15	2	178	11.236	0	1	0	0.0056	764	649	494	210	79	0.948	0.805	0.613	0.261	0.098	merged	47068	1
FBRS_exon_2	2	179	11.1732	0	1	0	0.0056	764	649	495	210	80	0.948	0.805	0.614	0.261	0.099	merged	47247	1
MUC5B_exon_32	4	181	22.0994	1	1	0.0055	0.0055	765	650	495	212	80	0.949	0.806	0.614	0.263	0.099	merged	47428	1
FBXO15_exon_10	2	362	5.5249	0	2	0	0.0055	765	650	497	212	80	0.949	0.806	0.617	0.263	0.099	merged	47790	1
CBLB_exon_12	2	365	5.4795	0	2	0	0.0055	765	650	499	212	80	0.949	0.806	0.619	0.263	0.099	merged	48155	1
SLC7A7_exon_9	2	183	10.929	0	1	0	0.0055	765	650	500	213	80	0.949	0.806	0.62	0.264	0.099	merged	48338	2
PPIC_exon_4	3	184	16.3043	1	1	0.0054	0.0054	766	650	501	213	80	0.95	0.806	0.622	0.264	0.099	merged	48522	2
ZGRF1_exon_14	2	184	10.8696	0	1	0	0.0054	766	651	501	214	80	0.95	0.808	0.622	0.266	0.099	merged	48706	1
AHNAK2_exon_6	3	184	16.3043	0	1	0	0.0054	766	652	501	214	80	0.95	0.809	0.622	0.266	0.099	merged	48890	1
PKD1L2_exon-NM_001278425.2-25	2	185	10.8108	1	0	0.0054	0	767	652	501	214	80	0.952	0.809	0.622	0.266	0.099	merged	49075	1
CTNND2_exon_14	2	185	10.8108	0	1	0	0.0054	767	652	502	214	80	0.952	0.809	0.623	0.266	0.099	merged	49260	1
BCOR_exon_6	2	186	10.7527	0	1	0	0.0054	767	653	502	215	80	0.952	0.81	0.623	0.267	0.099	merged	49446	1
SLC39A5_exon_12	2	190	10.5263	0	1	0	0.0053	767	653	503	215	81	0.952	0.81	0.624	0.267	0.1	merged	49636	1
GTF3C3_exon_5	2	191	10.4712	0	1	0	0.0052	767	654	503	215	81	0.952	0.811	0.624	0.267	0.1	merged	49827	1
PDCD11_exon_15	2	194	10.3093	0	1	0	0.0052	767	654	504	216	81	0.952	0.811	0.625	0.268	0.1	merged	50021	1
TBC1D31_exon_19	2	194	10.3093	0	1	0	0.0052	767	654	505	216	81	0.952	0.811	0.627	0.268	0.1	merged	50215	2
ADAMTS9_exon_32	2	194	10.3093	0	1	0	0.0052	767	655	505	216	81	0.952	0.813	0.627	0.268	0.1	merged	50409	2
CLTCL1_exon_8	2	200	10	1	0	0.005	0	768	655	505	217	81	0.953	0.813	0.627	0.269	0.1	merged	50609	1
HTR4_exon_4	4	200	20	0	1	0	0.005	768	655	506	219	82	0.953	0.813	0.628	0.272	0.102	merged	50809	1
KDM3B_exon_9	2	201	9.9502	0	1	0	0.005	768	655	507	219	83	0.953	0.813	0.629	0.272	0.103	merged	51010	1
GRIK4_exon_13	2	203	9.8522	0	1	0	0.0049	768	656	507	219	83	0.953	0.814	0.629	0.272	0.103	merged	51213	1
CDK3_exon_7	2	203	9.8522	0	1	0	0.0049	768	656	508	219	83	0.953	0.814	0.63	0.272	0.103	merged	51416	1
TSPOAP1_exon_13	2	204	9.8039	0	1	0	0.0049	768	656	509	219	83	0.953	0.814	0.632	0.272	0.103	merged	51620	2
MAP2_exon_9	2	206	9.7087	0	1	0	0.0049	768	657	509	220	83	0.953	0.815	0.632	0.273	0.103	merged	51826	1
WT1_exon_1	11	839	13.1108	1	4	0.0012	0.0048	769	657	513	226	83	0.954	0.815	0.636	0.28	0.103	merged	52665	1
DNAH9_exon_17	2	424	4.717	0	2	0	0.0047	769	659	513	226	83	0.954	0.818	0.636	0.28	0.103	merged	53089	1
DNA2_exon_6	2	219	9.1324	0	1	0	0.0046	769	659	514	226	84	0.954	0.818	0.638	0.28	0.104	merged	53308	1
GNAS_exon_1	6	444	13.5135	0	2	0	0.0045	769	661	514	229	85	0.954	0.82	0.638	0.284	0.105	merged	53752	2
MRPS28_exon_1	2	223	8.9686	1	0	0.0045	0	770	661	514	229	86	0.955	0.82	0.638	0.284	0.107	merged	53975	1
STAG2_exon_30	3	223	13.4529	0	1	0	0.0045	770	661	515	230	87	0.955	0.82	0.639	0.285	0.108	merged	54198	2
HK1_exon_17	2	233	8.5837	0	1	0	0.0043	770	662	515	230	88	0.955	0.821	0.639	0.285	0.109	merged	54431	1
LNX1_exon_3	2	241	8.2988	0	1	0	0.0041	770	663	515	230	88	0.955	0.823	0.639	0.285	0.109	merged	54672	1
PEAR1_exon_6	2	243	8.2305	0	1	0	0.0041	770	664	515	231	88	0.955	0.824	0.639	0.287	0.109	merged	54915	1
PBX1_exon_3	2	244	8.1967	0	1	0	0.0041	770	664	516	232	88	0.955	0.824	0.64	0.288	0.109	merged	55159	2
TET2_exon_3	56	3454	16.2131	5	14	0.0014	0.0041	775	666	528	254	101	0.962	0.826	0.655	0.315	0.125	merged	58613	2
PAN3_exon_7	2	247	8.0972	0	1	0	0.004	775	666	529	254	101	0.962	0.826	0.656	0.315	0.125	merged	58860	2
ITIH5_exon_5	2	250	8	0	1	0	0.004	775	666	530	254	101	0.962	0.826	0.658	0.315	0.125	merged	59110	2
ZNF175_intron_5	2	500	4	0	2	0	0.004	775	668	530	254	101	0.962	0.829	0.658	0.315	0.125	merged	59610	1
ETV6_exon_5	2	545	3.6697	0	2	0	0.0037	775	668	532	254	101	0.962	0.829	0.66	0.315	0.125	merged	60155	1
TENM2_exon_3	2	275	7.2727	0	1	0	0.0036	775	668	533	254	101	0.962	0.829	0.661	0.315	0.125	merged	60430	1
SLC8A2_exon_9	3	278	10.7914	0	1	0	0.0036	775	668	534	255	101	0.962	0.829	0.663	0.316	0.125	merged	60708	1
ZADH2_exon_1	2	289	6.9204	0	1	0	0.0035	775	668	535	255	101	0.962	0.829	0.664	0.316	0.125	merged	60997	2
CDH22_exon_3	2	294	6.8027	0	1	0	0.0034	775	669	535	255	101	0.962	0.83	0.664	0.316	0.125	merged	61291	1
LILRB2_exon_6	2	296	6.7568	0	1	0	0.0034	775	670	535	255	101	0.962	0.831	0.664	0.316	0.125	merged	61587	2
DDN_exon_1	3	296	10.1351	0	1	0	0.0034	775	670	536	256	101	0.962	0.831	0.665	0.318	0.125	merged	61883	2
TCEAL3_exon_3	3	889	3.3746	0	3	0	0.0034	775	671	538	256	101	0.962	0.833	0.667	0.318	0.125	merged	62772	1
C2CD6_exon_13	3	299	10.0334	0	1	0	0.0033	775	671	539	256	102	0.962	0.833	0.669	0.318	0.127	merged	63071	1
DCSTAMP_exon_3	2	308	6.4935	0	1	0	0.0032	775	671	540	256	103	0.962	0.833	0.67	0.318	0.128	merged	63379	2
CHD3_exon_1	3	311	9.6463	0	1	0	0.0032	775	672	540	256	105	0.962	0.834	0.67	0.318	0.13	merged	63690	1
EZH2_exon_20	4	323	12.3839	1	1	0.0031	0.0031	776	672	541	257	106	0.963	0.834	0.671	0.319	0.132	merged	64013	2
TRPC1_exon_7	2	336	5.9524	1	1	0.003	0.003	777	672	542	257	106	0.964	0.834	0.672	0.319	0.132	merged	64349	2
PCNX3_exon_35	2	673	2.9718	0	2	0	0.003	777	672	544	257	106	0.964	0.834	0.675	0.319	0.132	merged	65022	1
TUBA3C_exon_4	4	680	5.8824	0	2	0	0.0029	777	672	546	257	106	0.964	0.834	0.677	0.319	0.132	merged	65702	2
NCR2_exon_2	2	341	5.8651	0	1	0	0.0029	777	672	547	257	106	0.964	0.834	0.679	0.319	0.132	merged	66043	2
TRPM4_exon_11	2	344	5.814	0	1	0	0.0029	777	672	548	257	107	0.964	0.834	0.68	0.319	0.133	merged	66387	1
ADAMTS1_exon_2	2	346	5.7803	0	1	0	0.0029	777	673	548	257	107	0.964	0.835	0.68	0.319	0.133	merged	66733	1
APOB_exon_25	3	373	8.0429	0	1	0	0.0027	777	674	548	258	107	0.964	0.836	0.68	0.32	0.133	merged	67106	1
KRT10_exon_7	2	374	5.3476	0	1	0	0.0027	777	674	549	258	107	0.964	0.836	0.681	0.32	0.133	merged	67480	1
RSPH6A_exon_6	2	393	5.0891	0	1	0	0.0025	777	674	550	258	108	0.964	0.836	0.682	0.32	0.134	merged	67873	1
H1-4_exon_1	2	786	2.5445	0	2	0	0.0025	777	674	552	258	108	0.964	0.836	0.685	0.32	0.134	merged	68659	1
CFLAR_exon_2	2	417	4.7962	0	1	0	0.0024	777	674	553	258	108	0.964	0.836	0.686	0.32	0.134	merged	69076	1
CAMK1G_exon_11	2	424	4.717	0	1	0	0.0024	777	674	554	258	109	0.964	0.836	0.687	0.32	0.135	merged	69500	2
EFCAB12_exon_2	3	436	6.8807	0	1	0	0.0023	777	675	554	258	110	0.964	0.837	0.687	0.32	0.136	merged	69936	2
KRTAP4-5_exon_1	5	901	5.5494	1	2	0.0011	0.0022	778	676	555	259	110	0.965	0.839	0.689	0.321	0.136	merged	70837	1
IGHV3-23	2	455	4.3956	0	1	0	0.0022	778	677	555	259	110	0.965	0.84	0.689	0.321	0.136	merged	71292	2
ZNRD2_exon_4	2	497	4.0241	0	1	0	0.002	778	677	556	259	110	0.965	0.84	0.69	0.321	0.136	merged	71789	2
KRT27_exon_1	2	500	4	0	1	0	0.002	778	677	557	260	110	0.965	0.84	0.691	0.323	0.136	merged	72289	2
GLRX5_intron_1	2	500	4	0	1	0	0.002	778	677	558	260	110	0.965	0.84	0.692	0.323	0.136	merged	72789	1
TSPOAP1_intron_1	4	500	8	0	1	0	0.002	778	677	559	260	110	0.965	0.84	0.694	0.323	0.136	merged	73289	1
XKR4_intron_3	2	500	4	0	1	0	0.002	778	677	560	260	111	0.965	0.84	0.695	0.323	0.138	merged	73789	1
CCDC136_exon_13	2	512	3.9062	0	1	0	0.002	778	678	560	260	111	0.965	0.841	0.695	0.323	0.138	merged	74301	1
DNAJC1_exon_1	3	517	5.8027	0	1	0	0.0019	778	678	561	261	112	0.965	0.841	0.696	0.324	0.139	merged	74818	1
ZBTB47_exon_2	5	1553	3.2196	0	3	0	0.0019	778	680	562	262	113	0.965	0.844	0.697	0.325	0.14	merged	76371	1
SLC16A4_exon_9	2	1036	1.9305	0	2	0	0.0019	778	680	564	262	113	0.965	0.844	0.7	0.325	0.14	merged	77407	1
SLFNL1_exon_4	2	521	3.8388	1	0	0.0019	0	779	680	564	263	113	0.967	0.844	0.7	0.326	0.14	merged	77928	2
LRRC4_exon_1	2	524	3.8168	0	1	0	0.0019	779	680	565	263	114	0.967	0.844	0.701	0.326	0.141	merged	78452	1
STEAP2_exon_4	2	527	3.7951	0	1	0	0.0019	779	680	566	263	114	0.967	0.844	0.702	0.326	0.141	merged	78979	2
PHF13_exon_3	2	534	3.7453	0	1	0	0.0019	779	680	567	263	115	0.967	0.844	0.703	0.326	0.143	merged	79513	1
EIF2AK4_exon_9	2	535	3.7383	0	1	0	0.0019	779	680	568	264	115	0.967	0.844	0.705	0.328	0.143	merged	80048	1
PRB3_exon_3	3	548	5.4745	0	1	0	0.0018	779	680	569	265	116	0.967	0.844	0.706	0.329	0.144	merged	80596	1
MED27_exon_8	2	560	3.5714	0	1	0	0.0018	779	680	570	265	117	0.967	0.844	0.707	0.329	0.145	merged	81156	1
KRT14_exon_1	2	585	3.4188	1	0	0.0017	0	780	680	570	265	118	0.968	0.844	0.707	0.329	0.146	merged	81741	1
MAP3K10_exon_10	2	605	3.3058	0	1	0	0.0017	780	681	570	265	119	0.968	0.845	0.707	0.329	0.148	merged	82346	1
WNK4_exon_14	2	610	3.2787	0	1	0	0.0016	780	682	570	265	120	0.968	0.846	0.707	0.329	0.149	merged	82956	1
ASXL1_exon_13	51	4887	10.4359	0	8	0	0.0016	780	686	574	286	132	0.968	0.851	0.712	0.355	0.164	merged	87843	2
PAX1_exon_2	2	629	3.1797	0	1	0	0.0016	780	687	574	286	133	0.968	0.852	0.712	0.355	0.165	merged	88472	1
CUEDC1_exon_2	2	650	3.0769	1	0	0.0015	0	781	687	574	286	133	0.969	0.852	0.712	0.355	0.165	merged	89122	1
TRMT5_exon_2	4	655	6.1069	1	0	0.0015	0	782	687	574	287	134	0.97	0.852	0.712	0.356	0.166	merged	89777	2
MYC_exon_2	7	771	9.0791	0	2	0	0.0026	782	689	574	288	136	0.97	0.855	0.712	0.357	0.169	merged	90548	2
ACOT2_exon_1	3	670	4.4776	0	1	0	0.0015	782	690	574	288	136	0.97	0.856	0.712	0.357	0.169	merged	91218	1
CUX1_exon_15	2	671	2.9806	0	1	0	0.0015	782	691	574	288	137	0.97	0.857	0.712	0.357	0.17	merged	91889	1
GPX2_exon_2	2	680	2.9412	0	1	0	0.0015	782	691	575	288	137	0.97	0.857	0.713	0.357	0.17	merged	92569	1
WNK2_exon_11	2	683	2.9283	0	1	0	0.0015	782	691	576	288	137	0.97	0.857	0.715	0.357	0.17	merged	93252	2
ASXL2_exon_12	3	717	4.1841	0	1	0	0.0014	782	691	577	289	137	0.97	0.857	0.716	0.359	0.17	merged	93969	2
GATA3_exon_6	5	1459	3.427	0	2	0	0.0014	782	693	577	290	138	0.97	0.86	0.716	0.36	0.171	merged	95428	1
H1-2_exon_1	3	730	4.1096	0	1	0	0.0014	782	693	578	291	139	0.97	0.86	0.717	0.361	0.172	merged	96158	1
BRINP3_exon_8	5	1476	3.3875	0	2	0	0.0014	782	694	579	292	139	0.97	0.861	0.718	0.362	0.172	merged	97634	2
HOXA1_exon_1	2	739	2.7064	0	1	0	0.0014	782	695	579	292	140	0.97	0.862	0.718	0.362	0.174	merged	98373	1
C17orf97_exon_2	4	1518	2.635	0	2	0	0.0013	782	695	581	294	140	0.97	0.862	0.721	0.365	0.174	merged	99891	2
CSF3R_exon_17	5	784	6.3776	1	1	0.0013	0.0013	783	696	581	294	142	0.971	0.864	0.721	0.365	0.176	merged	100675	1
RHNO1_exon_3	6	1613	3.7198	0	2	0	0.0012	783	696	583	295	142	0.971	0.864	0.723	0.366	0.176	merged	102288	1
SLC16A7_exon_5	5	818	6.1125	0	1	0	0.0012	783	696	584	296	143	0.971	0.864	0.725	0.367	0.177	merged	103106	2
ANGPTL1_exon_3	3	848	3.5377	0	1	0	0.0012	783	697	584	296	143	0.971	0.865	0.725	0.367	0.177	merged	103954	2
CCDC141_exon_23	2	850	2.3529	0	1	0	0.0012	783	698	584	297	143	0.971	0.866	0.725	0.368	0.177	merged	104804	2
OR13H1_exon_1	2	926	2.1598	0	1	0	0.0011	783	698	585	297	143	0.971	0.866	0.726	0.368	0.177	merged	105730	1
OR5AR1_exon_1	2	932	2.1459	0	1	0	0.0011	783	699	585	297	143	0.971	0.867	0.726	0.368	0.177	merged	106662	1
TRIM67_exon_1	3	1955	1.5345	0	2	0	0.001	783	699	587	297	143	0.971	0.867	0.728	0.368	0.177	merged	108617	1
PKHD1_exon_61	2	1017	1.9666	0	1	0	0.001	783	699	588	297	143	0.971	0.867	0.73	0.368	0.177	merged	109634	1
EFCC1_exon_1	2	1020	1.9608	0	1	0	0.001	783	699	589	298	143	0.971	0.867	0.731	0.37	0.177	merged	110654	1
LRFN3_exon_3	3	2076	1.4451	0	2	0	0.001	783	700	590	299	143	0.971	0.868	0.732	0.371	0.177	merged	112730	1
BCORL1_exon_4	12	3263	3.6776	0	3	0	9e-04	783	703	590	299	145	0.971	0.872	0.732	0.371	0.18	merged	115993	2
IMP3_exon_1	2	1131	1.7683	0	1	0	9e-04	783	703	591	300	145	0.971	0.872	0.733	0.372	0.18	merged	117124	1
SHROOM2_exon_4	2	2340	0.8547	0	2	0	9e-04	783	703	593	300	145	0.971	0.872	0.736	0.372	0.18	merged	119464	2
KCND3_exon_2	4	1177	3.3985	0	1	0	8e-04	783	704	593	301	145	0.971	0.873	0.736	0.373	0.18	merged	120641	2
SOGA1_exon_5	4	1181	3.387	0	1	0	8e-04	783	704	594	302	145	0.971	0.873	0.737	0.375	0.18	merged	121822	2
EIF4G3_exon_32	2	1208	1.6556	0	1	0	8e-04	783	704	595	302	145	0.971	0.873	0.738	0.375	0.18	merged	123030	1
SIMC1_exon_2	2	1301	1.5373	0	1	0	8e-04	783	705	595	302	145	0.971	0.875	0.738	0.375	0.18	merged	124331	1
HTR5A_exon_1	2	1316	1.5198	0	1	0	8e-04	783	706	595	303	145	0.971	0.876	0.738	0.376	0.18	merged	125647	2
NACAD_exon_2	4	4004	0.999	0	3	0	7e-04	783	707	597	304	145	0.971	0.877	0.741	0.377	0.18	merged	129651	1
LMOD2_exon_2	2	1343	1.4892	0	1	0	7e-04	783	708	597	305	145	0.971	0.878	0.741	0.378	0.18	merged	130994	1
ZNF394_exon_3	3	1391	2.1567	0	1	0	7e-04	783	709	597	305	146	0.971	0.88	0.741	0.378	0.181	merged	132385	2
BCOR_exon_4	15	2831	5.2985	0	2	0	7e-04	783	711	597	309	151	0.971	0.882	0.741	0.383	0.187	merged	135216	2
FASTKD3_exon_2	3	1550	1.9355	0	1	0	6e-04	783	712	597	309	151	0.971	0.883	0.741	0.383	0.187	merged	136766	1
TET2_exon_11	20	4755	4.2061	0	3	0	6e-04	783	713	599	317	155	0.971	0.885	0.743	0.393	0.192	merged	141521	2
AOC1_exon_2	2	1585	1.2618	0	1	0	6e-04	783	714	599	317	155	0.971	0.886	0.743	0.393	0.192	merged	143106	2
GPR183_exon_2	3	1624	1.8473	0	1	0	6e-04	783	715	599	318	155	0.971	0.887	0.743	0.395	0.192	merged	144730	1
DOP1B_exon_19	2	1629	1.2277	1	0	6e-04	0	784	715	599	318	155	0.973	0.887	0.743	0.395	0.192	merged	146359	1
MAGI2_exon_22	2	2921	0.6847	0	2	0	7e-04	784	717	599	318	155	0.973	0.89	0.743	0.395	0.192	merged	149280	1
BHLHE22_exon_1	5	3262	1.5328	0	2	0	6e-04	784	718	600	320	156	0.973	0.891	0.744	0.397	0.194	merged	152542	1
SEMG2_exon_2	2	1716	1.1655	0	1	0	6e-04	784	718	601	320	156	0.973	0.891	0.746	0.397	0.194	merged	154258	2
ALPK2_exon_4	2	1734	1.1534	0	1	0	6e-04	784	719	601	320	156	0.973	0.892	0.746	0.397	0.194	merged	155992	2
R3HCC1L_exon_5	3	1798	1.6685	0	1	0	6e-04	784	719	602	320	156	0.973	0.892	0.747	0.397	0.194	merged	157790	2
HSP90B3P_id-HSP90B3P	2	1823	1.0971	0	1	0	5e-04	784	719	603	321	156	0.973	0.892	0.748	0.398	0.194	merged	159613	1
CAMTA1_exon_9	2	1846	1.0834	0	1	0	5e-04	784	719	604	321	156	0.973	0.892	0.749	0.398	0.194	merged	161459	1
SSC5D_exon_14	3	1875	1.6	0	1	0	5e-04	784	719	605	321	158	0.973	0.892	0.751	0.398	0.196	merged	163334	1
DCHS1_exon_2	2	1916	1.0438	0	1	0	5e-04	784	720	605	321	159	0.973	0.893	0.751	0.398	0.197	merged	165250	1
ARID1B_exon_1	3	2093	1.4333	0	1	0	5e-04	784	720	606	323	159	0.973	0.893	0.752	0.401	0.197	merged	167343	1
ELF1_exon_9	2	2104	0.9506	0	1	0	5e-04	784	720	607	323	159	0.973	0.893	0.753	0.401	0.197	merged	169447	1
KIF2B_exon_1	4	2266	1.7652	0	1	0	4e-04	784	720	608	325	160	0.973	0.893	0.754	0.403	0.199	merged	171713	2
BPTF_exon_11	2	2310	0.8658	0	1	0	4e-04	784	720	609	325	160	0.973	0.893	0.756	0.403	0.199	merged	174023	2
TSHZ3_exon_2	4	4807	0.8321	0	2	0	4e-04	784	720	611	326	160	0.973	0.893	0.758	0.404	0.199	merged	178830	2
CKAP4_exon_2	2	2468	0.8104	0	1	0	4e-04	784	720	612	326	160	0.973	0.893	0.759	0.404	0.199	merged	181298	1
MXRA5_exon_5	5	4967	1.0066	2	1	4e-04	2e-04	786	720	613	327	160	0.975	0.893	0.761	0.406	0.199	merged	186265	2
PCDHA6_exon_1	3	2525	1.1881	0	1	0	4e-04	786	720	614	329	160	0.975	0.893	0.762	0.408	0.199	merged	188790	1
PCDHA10_exon_1	3	2539	1.1816	0	1	0	4e-04	786	720	615	329	161	0.975	0.893	0.763	0.408	0.2	merged	191329	1
ARID2_exon_15	2	2860	0.6993	0	1	0	3e-04	786	720	616	329	162	0.975	0.893	0.764	0.408	0.201	merged	194189	1
TMEM169_exon_3	2	2863	0.6986	0	1	0	3e-04	786	721	616	329	162	0.975	0.895	0.764	0.408	0.201	merged	197052	1
SOX7_exon_2	2	2898	0.6901	0	1	0	3e-04	786	721	617	330	162	0.975	0.895	0.766	0.409	0.201	merged	199950	2
CCNB3_exon_6	2	2991	0.6687	0	1	0	3e-04	786	721	618	330	162	0.975	0.895	0.767	0.409	0.201	merged	202941	2
TSHZ2_exon_2	4	3072	1.3021	0	1	0	3e-04	786	721	619	331	163	0.975	0.895	0.768	0.411	0.202	merged	206013	1
XIRP1_exon_2	5	6310	0.7924	0	2	0	3e-04	786	722	620	333	164	0.975	0.896	0.769	0.413	0.203	merged	212323	2
KIAA1210_exon_11	4	3200	1.25	0	1	0	3e-04	786	722	621	334	164	0.975	0.896	0.77	0.414	0.203	merged	215523	2
PPM1D_exon_6	3	3285	0.9132	0	1	0	3e-04	786	722	622	334	164	0.975	0.896	0.772	0.414	0.203	merged	218808	1
FBXL7_exon_4	2	3343	0.5983	0	1	0	3e-04	786	722	623	334	164	0.975	0.896	0.773	0.414	0.203	merged	222151	2
PPP3R2_exon_1	2	3365	0.5944	0	1	0	3e-04	786	723	623	334	164	0.975	0.897	0.773	0.414	0.203	merged	225516	1
TLR10_exon_4	2	3414	0.5858	0	1	0	3e-04	786	724	623	334	164	0.975	0.898	0.773	0.414	0.203	merged	228930	2
GHR_exon_10	2	3425	0.5839	0	1	0	3e-04	786	724	624	334	164	0.975	0.898	0.774	0.414	0.203	merged	232355	2
SALL1_exon_2	3	3457	0.8678	0	1	0	3e-04	786	724	625	335	164	0.975	0.898	0.775	0.416	0.203	merged	235812	2
SETBP1_exon_4	9	3459	2.6019	0	1	0	3e-04	786	724	626	339	167	0.975	0.898	0.777	0.421	0.207	merged	239271	2
FOXG1_exon_1	4	3490	1.1461	0	1	0	3e-04	786	724	627	340	167	0.975	0.898	0.778	0.422	0.207	merged	242761	2
FOXE1_exon_1	3	3491	0.8594	0	1	0	3e-04	786	725	627	342	167	0.975	0.9	0.778	0.424	0.207	merged	246252	1
ZNF788P_exon_3	2	3507	0.5703	0	1	0	3e-04	786	725	628	342	167	0.975	0.9	0.779	0.424	0.207	merged	249759	1
PNMA3_exon_2	2	3515	0.569	0	1	0	3e-04	786	725	629	342	167	0.975	0.9	0.78	0.424	0.207	merged	253274	2
USP26_exon_1	2	3641	0.5493	0	1	0	3e-04	786	725	630	342	167	0.975	0.9	0.782	0.424	0.207	merged	256915	2
SUSD5_exon_5	4	3990	1.0025	1	0	3e-04	0	787	725	630	342	169	0.976	0.9	0.782	0.424	0.21	merged	260905	2
SLITRK5_exon_2	2	4235	0.4723	1	0	2e-04	0	788	725	630	342	170	0.978	0.9	0.782	0.424	0.211	merged	265140	1
NECTIN1_exon_6	2	4305	0.4646	0	1	0	2e-04	788	725	631	343	170	0.978	0.9	0.783	0.426	0.211	merged	269445	1
TSPYL5_exon_1	3	4440	0.6757	0	1	0	2e-04	788	725	632	343	170	0.978	0.9	0.784	0.426	0.211	merged	273885	2
POU3F3_exon_1	4	4459	0.8971	1	1	2e-04	2e-04	789	725	633	344	170	0.979	0.9	0.785	0.427	0.211	merged	278344	1
ST8SIA2_exon_6	4	4628	0.8643	0	1	0	2e-04	789	726	633	345	172	0.979	0.901	0.785	0.428	0.213	merged	282972	1
DMRTA1_exon_2	2	4676	0.4277	0	1	0	2e-04	789	727	633	346	172	0.979	0.902	0.785	0.429	0.213	merged	287648	1
GCNT4_exon_4	3	4692	0.6394	0	1	0	2e-04	789	728	633	347	172	0.979	0.903	0.785	0.431	0.213	merged	292340	1
MGAT3_exon_2	2	4847	0.4126	0	1	0	2e-04	789	729	633	348	172	0.979	0.904	0.785	0.432	0.213	merged	297187	1
RLF_exon_8	2	5129	0.3899	1	0	2e-04	0	790	729	633	348	172	0.98	0.904	0.785	0.432	0.213	merged	302316	2
ZXDB_exon_1	3	5466	0.5488	0	1	0	2e-04	790	730	633	348	172	0.98	0.906	0.785	0.432	0.213	merged	307782	1
ADGRG4_exon_6	4	6041	0.6621	0	1	0	2e-04	790	730	634	350	172	0.98	0.906	0.787	0.434	0.213	merged	313823	1
BICD1_exon_10	2	6093	0.3282	0	1	0	2e-04	790	730	635	350	173	0.98	0.906	0.788	0.434	0.215	merged	319916	2
SKIDA1_exon_4	2	6183	0.3235	0	1	0	2e-04	790	731	635	350	174	0.98	0.907	0.788	0.434	0.216	merged	326099	1
MAP1B_exon_5	3	6501	0.4615	0	1	0	2e-04	790	732	635	351	174	0.98	0.908	0.788	0.435	0.216	merged	332600	2
NPAP1_exon_1	2	7618	0.2625	0	1	0	1e-04	790	732	636	351	175	0.98	0.908	0.789	0.435	0.217	merged	340218	1
ASXL3_exon_12	3	8307	0.3611	0	1	0	1e-04	790	732	637	352	175	0.98	0.908	0.79	0.437	0.217	merged	348525	1
ZNF292_exon_8	4	11293	0.3542	0	1	0	1e-04	790	732	638	352	177	0.98	0.908	0.792	0.437	0.22	merged	359818	2
